Title,Likes,Views,Date_Time,video_link,Description
Holi Returns | Ashish chanchlani,Subscribe,36M views,11 months ago,https://www.youtube.com/watch?v=LxLf3G00DyM,"Download Probo & Earn Money:- https://probo-in.onelink.me/1kre/Ashi...
"
Sasta Biig Bosss 2 | Parody | Ashish Chanchlani,Subscribe,36M views,1 year ago,https://www.youtube.com/watch?v=Tr8AS-a4AOc,"Acv presents the second season of ‚ÄúSASTA BIIG BOSSS‚Äù
Chalo pehle brand waalo ka description daalte because PAISAAAA 
"
Sasta Shaark Tank | Ashish Chanchlani,Subscribe,74M views,1 year ago,https://www.youtube.com/watch?v=xrR3xQNeB_Y,"Download Winzo and get Rs 50 :
https://winzo.onelink.me/VS3O/19bab174
Finally 6 mahine ke"
I Attended Spider-Man : No Way Home Premiere | Ashish Chanchlani | LA vlog,Subscribe,23M views,2 years ago,https://www.youtube.com/watch?v=7EGD9edu-ls,"Bas yehi kahunga thank you Acvians and thank you Sony Pictures India for sending me to the red carpet.
Dil hadd ke bahar khush hai
Muje ye vlog jald se jald daalna tha toh 2 din se idhar hi edit kar raha tha aap logo ke lie, SO YEH RAHA!"
OTP The Lottery: Chapter 2 | Ashish Chanchlani,Subscribe,52M views,2 years ago,https://www.youtube.com/watch?v=Xiifgxw-z54,"Paid Collaboration with CoinDCX
Download India's simplest Crypto Trading app, CoinDCX Go: https://bit.ly/3DuhBbj Use our code NALLA100 and get free crypto worth ‚Çπ100. You can start investing by depositing ‚Çπ100 and buy any crypto at minimum ‚Çπ10"
OTP The Lottery : Chapter 1 | Ashish Chanchlani,Subscribe,52M views,2 years ago,https://www.youtube.com/watch?v=-O7a9Oro1KI,"#AshishChanchlani #OtpTheLottery #Acvians
Download the upGrad app or visit the website from this link: https://app.upgrad.com/BzCz/upGradKun...
And get a #KaamKaMBA from a wide range of programs that will help you land your dream job - whether you're a Nalla or a Tot"
Online Parent Teacher Meeting | Ashish Chanchlani,Subscribe,60M views,2 years ago,https://www.youtube.com/watch?v=LtLJRNBHOKc,"Download India's simplest Bitcoin app, CoinDCX Go: https://bit.ly/3cjMd3x and use coupon code: ASHISH100 to get Free Bitcoin worth Rs. 100.
"
The Mummy Returns | Ashish Chanchlani,Subscribe,70M views,2 years ago,https://www.youtube.com/watch?v=xAaNbu-1k4o,"Open your Free Upstox Gold Account and get Free E-Gold worth Rs. 51 - https://upstox.com/open-gold-account/...

Sooo finally aa gayi hai humari NEW VIDEOO"
Mission Valentine | Ashish Chanchlani,Subscribe,46M views,3 years ago,https://www.youtube.com/watch?v=QWZ8pZBViKQ,"Download the OctaFX Trading App at https://bit.ly/Chanchlani_OctaFX and get 5000 USD in your demo account üíµ. Start making extra money with the ""Best Forex Broker in India 2020"" - OctaFXüèÜüìà
"
Sasta Biig Bosss | Parody | Ashish Chanchlani,Subscribe,60M views,3 years ago,https://www.youtube.com/watch?v=hWPopqZJJww,"üî•Download the OctaFX Trading App today at https://bit.ly/Ashish_OctaFX , sign up and start participating! üéÅFollow the giveaway rules at https://bit.ly/OctaFX_Giveaway2020 , and get a chance to win a amazing gifts from OctaFX Forex Broker.
"
The Dealer | ACV Hatke | Barkha Singh | Ashish Chanchlani,Subscribe,37M views,3 years ago,https://www.youtube.com/watch?v=k5Yk5TVhDvQ,"@Barkha Singh  ko subscribe kar lo pehle ladki bahut zyada talented hai :
¬†¬†¬†/¬†@barkhasingh¬†¬† 
aur instagram par bhi follow karo : ¬†¬†/¬†barkhasingh0308¬†¬†"
Office Exam Aur Vaccine | Ashish Chanchlani,Subscribe,87M views,3 years ago,https://www.youtube.com/watch?v=Zr3PukaVXFo,"Download Mpl from
This link : http://bit.ly/DownloadMPLApp
"
The 20 Million Journey | Dedicated To All My Fans | Ashish Chanchlani & Team,Subscribe,16M views,3 years ago,https://www.youtube.com/watch?v=jQyP-iZTuao,"Kaise ho sab log?
Ye dekho maine hafte pehle ye video edit ki
Jab main iss video ko edit kar raha tha i got way too emotional"
RakshaBandhan 2020 | Ashish Chanchlani,Subscribe,54M views,3 years ago,https://www.youtube.com/watch?v=Inf66y-oHhM,"Dekho bhai main wapis aa gaya
Haan tabiyat kharab thi mentally 2 mahine se par tum logo ne mast ek dum aisi maari message karke merko full feel aa gayi
To uske lie thank you haa"
Exam Cancellation | Ashish Chanchlani Dubs,Subscribe,18M views,3 years ago,https://www.youtube.com/watch?v=mqEyZ9vbvXg,"Warning THIS DUB HAS GAALIYAN 
Original video credit & owner : NH STUDIOZ
Link to original video : ¬†¬†¬†‚Ä¢¬†Nana¬†Patekar's¬†Best¬†Hindu¬†and¬†Muslim¬†...¬†¬†"
Lockdown Ke Side Effects | Ashish Chanchlani,Subscribe,74M views,3 years ago,https://www.youtube.com/watch?v=ZQOp12Yu3o0,"#AshishChanchlani #LockdownKeSideEffects #ACVIANS
Dekho chota sa hi description bata ta hu, 
Ek hi tripod aur mobile se pura video shoot kiya hai toh professional nai lagega lekin kaam chala lo, make up muskan se karwa"
The Lockdown Rap Ft. INDIAN YOUTUBERS | Kunal Chhabhria |  Anmol Sachar | Ashish Chanchlani,Subscribe,27M views,3 years ago,https://www.youtube.com/watch?v=R3vWgzZ_aQk,"Credits:

Written By:"
Lockdown With Parivar | Ashish Chanchlani,Subscribe,50M views,3 years ago,https://www.youtube.com/watch?v=61xbuz0_Y6I,"PLEASE STAY AT HOME, WASH YOUR HANDS DAILY AND STAY SAFE

Hello all yeh hai ek special video aap sab k lie "
Final Exams | Ashish Chanchlani,Subscribe,89M views,3 years ago,https://www.youtube.com/watch?v=J-zn8PdvZOU,"Hello all aap sab ke lie aa chuki hai humari special
FINAL EXAMS KI VIDEO
Go and watch now and let us know your favorite scene and dialogue from the video"
Aakhri Safar | ACV Hatke | Ashish Chanchlani | Ft. Akshata Sonawane & Deepak Sampat,Subscribe,18M views,4 years ago,https://www.youtube.com/watch?v=hSYPO2LSWxw,"ACV Presents A horror short film directed by Ashish Chanchlani :
 ""AAKHRI SAFAR"" 
WATCH TILL THE END."
Types Of Drinkers | Ashish Chanchlani,Subscribe,48M views,4 years ago,https://www.youtube.com/watch?v=K5A1RezhxMU,"This new year 
Be safe, Don‚Äôt Drink & Drive
"
Cinemas : Then Vs Now | Ashish Chanchlani,Subscribe,62M views,4 years ago,https://www.youtube.com/watch?v=WsqnZvsBTQ0,"Presenting to you humara new video
""CINEMAS : THEN VS NOW""
a contrasting difference between today and the 90s cinema halls"
Diwali Returns | Ashish Chanchlani,Subscribe,53M views,4 years ago,https://www.youtube.com/watch?v=IWa8XnmKzA0,"Neeche diye gaye link se download kare MPL app and payein 100rs joining bonus
Use code - ‚ÄòMPLRUMMY‚Äô
http://bit.ly/DownloadMPLacv"
Double Apple iFhone | iPhone Parody | Ashish Chanchlani | 4K UHD (With English Subtitles),Subscribe,38M views,4 years ago,https://www.youtube.com/watch?v=M0ImB9fImtc,"Presenting The new Double Apple iFhone XXXs max pro baara mb panties gb
We are extremely excited to launch our new useless phone and also our even more accompanying useless products for you guys
"
Baarish Ke Side Effects | Ashish Chanchlani,Subscribe,76M views,4 years ago,https://www.youtube.com/watch?v=ARWbsGi-dWU,"Shoot Videos & Earn Money! Win Rs. 5000!
 Download VMate App: http://bit.ly/2NtHmRC  &
be VMate Par Lakhpati: http://bit.ly/31JTRMx"
The Mummy | Ashish Chanchlani,Subscribe,55M views,4 years ago,https://www.youtube.com/watch?v=I297fWlMDx0,"Aa gaya
Our very first youtube video on INDIAN MOTHERS‚ù§Ô∏è
This is a funny video dedicated to all our amazing hardworking Indian moms ‚ù§Ô∏è"
Gupt Gyaan | Ashish Chanchlani,Subscribe,47M views,4 years ago,https://www.youtube.com/watch?v=YUEtgAPNV0w,"WARNING : THIS VIDEO IS NOT FOR KIDS

Aa gaya humara naya video"
Student Life : Bollywood VS Reality | Ashish Chanchlani,Subscribe,67M views,4 years ago,https://www.youtube.com/watch?v=OCeqeJi_jYI,"Here it is our new video STUDENT LIFE : BOLLYWOOD VS REALITY.

Download the Groww app now https://groww.app.link/KphvhAHQbX, To invest in direct mutual funds at absolutely no cost. Ind"
Avengers Endgame Premiere With Ashish Chanchlani,Subscribe,26M views,4 years ago,https://www.youtube.com/watch?v=NbXhlDavq0Q,"Here it is my video on the BEST MOST DREAMY EXPERIENCE OF MY LIFE

Visiting the AVENGERS : ENDGAME premiere."
Cricket Gully Gully Ki | Ashish Chanchlani,Subscribe,72M views,4 years ago,https://www.youtube.com/watch?v=QKBJXjChDHw,"Here it is our first ever video on CRICKET!!!!

"
HOLI HAI !! | Ashish Chanchlani,Subscribe,55M views,4 years ago,https://www.youtube.com/watch?v=O4gIw9T7qBQ,"Hello everyone!!

Aa gaya humara new video"
Kahani Road Road Ki | Ashish Chanchlani,Subscribe,62M views,4 years ago,https://www.youtube.com/watch?v=SFsuf0923Rg,"Presenting to you our new video
‚ÄúKAHANI ROAD-ROAD KI‚Äù
This video deals with the types of people and situation you get to see on indian roads"
The Student Anthem | Ashish Chanchlani | Raftaar | Shaikhspeare,Subscribe,27M views,5 years ago,https://www.youtube.com/watch?v=wNDj7RxuXdU,"Here‚Äôs presenting to you our First Music Video Ever ‚Äì THE STUDENT ANTHEM. This rap song will be super relatable for all STUDENTS and is inspired from Raftaar's - 'Sheikh Chilli'
"
Tuition Classes aur Bache | Ashish Chanchlani,Subscribe,158M views,5 years ago,https://www.youtube.com/watch?v=d72vXhJDE6M,"Here it is the last video of 2018 from us
TUITION, CLASSES AUR BACHE
relive your amazing tuition masti with this funny relatable video"
PUBG : Ek Game Katha | Ashish Chanchlani,Subscribe,103M views,5 years ago,https://www.youtube.com/watch?v=iGBnjKnU4pU,"Here it is our Grandest Video
But made from bottom of our hearts
Presenting to you a video relatable to all PUBG PLAYERS!"
Diwali Har Ghar Ki | Ashish Chanchlani,Subscribe,73M views,5 years ago,https://www.youtube.com/watch?v=JznTUVongfk,"This diwali video hai thodi hatke
Har ghar ki diwali ki yeh hai kahani
Watch the full video till the end"
Baap Bijli Aur Bill Ft. Shahid Kapoor | Ashish Chanchlani,Subscribe,85M views,5 years ago,https://www.youtube.com/watch?v=KEHV90TfFm8,"We all have that angry indian dad who gets very pissed off when he sees us wasting electricity
And everything comes down to one point
‚ÄúBIJLI KA BILL TERA BAAP BHAREGA?‚Äù"
Meri Pyaari Behna?  | Ashish Chanchlani | Muskan Chanchlani,Subscribe,70M views,5 years ago,https://www.youtube.com/watch?v=rEhiYpkLrvA,"Aa gaya iss saal bhi raksha bandhan
Aur iss saal bhi aapke lie laaye hai hum ek special video with a very special end
Ye saal meri pyaari behna ke naam‚ù§Ô∏è"
When Ashish Chanchlani Met Akshay Kumar | GOLD,Subscribe,43M views,5 years ago,https://www.youtube.com/watch?v=yGxKV3a-giQ,"What happens when Ashish Chanchlani meets Akshay Kumar to promote his upcoming movie ""GOLD"" in the most nonsense way ever!!
Find out in this hilarious video right now!!"
Science Vs Commerce | Chapter 2 | Ashish Chanchlani,Subscribe,94M views,5 years ago,https://www.youtube.com/watch?v=Lqj3PhXBEnk,"Lo aa gaya aap logo ki demand par
SCIENCE VS COMMERCE CHAPTER 2
Comment karke batao kaisa laga aapko ye video aur kya tha aapka favourite scene"
Science Vs Commerce | Chapter 1 | Ashish Chanchlani,Subscribe,96M views,5 years ago,https://www.youtube.com/watch?v=Y6l6ZvAIl70,"Download https://like.onelink.me/FvnB/b0503cd and Join me on the LIKE App, it has #ShapingMagic contest going on where you can create video and win iPhone X, $10000 or many more exciting Prizes
"
Restaurant Sutiyapa | Ashish Chanchlani,Subscribe,60M views,5 years ago,https://www.youtube.com/watch?v=WDiK14qI3pQ,"Presenting to you
The types of people you find in Indian restaurants
‚ÄúRESTAURANT SUTIYAPA‚Äù"
Avengers Infinity War with Ashish Chanchlani,Subscribe,20M views,5 years ago,https://www.youtube.com/watch?v=4juJXyLX510,"hello everyone today I have not uploaded a funny sketch but a very important dream of my life
and all those dreams came true during this 3 day trip to Singapore
I got to interview avengers director and its cast"
Garmi Ke Side-Effects | Ashish Chanchlani,Subscribe,77M views,5 years ago,https://www.youtube.com/watch?v=bYSRPuDEnTg,"We have made a special video of summer season for all of you
Kya aap bhi iss garmi se preshaan hai?
Toh iss video ko share kijiye ABHI KE ABHI!!"
Exams Ka Mausam | Ashish Chanchlani,Subscribe,127M views,5 years ago,https://www.youtube.com/watch?v=Wje3zkc7syE,"Hey everyone as the exam season is going on
We have a made a special exam video for you all
EXAMS KA MAUSAM"
Yaar Vs Pyaar Ft. Kartik Aaryan & Nushrat Bharucha | Ashish Chanchlani,Subscribe,36M views,5 years ago,https://www.youtube.com/watch?v=4U9b58rtoNg,"We all share a very special bond with our YAAR as well as our PYAAR
But what are the basic differences between the two?
Find out after watching this video"
Valentine Is Back | Ashish Chanchlani,Subscribe,48M views,6 years ago,https://www.youtube.com/watch?v=N1Bsvxje-Dg,"Join ‚ÄúBeat the Q‚Äù-----Award Winning Quiz on Hypstar to earn cash directly and have Fun, follow @hypstar.india 
Download link : https://go.onelink.me/KMZf?pid=BeatQ
"
Dad Goa aur Permission | Ashish Chanchlani,Subscribe,62M views,6 years ago,https://www.youtube.com/watch?v=b-4zZROZ-GQ,"We have all gone through that one scary phase when we have to ask our dad for goa PERMISSION!
This video is based on that scary part
share this video with your trip friends"
The Stranger | Ashish Chanchlani,Subscribe,25M views,6 years ago,https://www.youtube.com/watch?v=j2wDUFASet0,"hello everyone, our first video of the year is up and its our very first NON-COMEDY VIDEO ""THE STRANGER"" 
what happens when a guy's day gets ruined by a stranger?
watch the video to find out"
Types Of People During Indian Weddings PART 2 | Ashish Chanchlani,Subscribe,46M views,6 years ago,https://www.youtube.com/watch?v=hrkLzHGwRMk,"HERE IT IS the second part of types of people during indian weddings 
without wasting your time lets give it a goo
Ccomment your favourite scene from the video now!"
Types Of People During Indian Weddings - PART 1 | Ashish Chanchlani,Subscribe,73M views,6 years ago,https://www.youtube.com/watch?v=zN23NjdOT14,"For a country that is super obsessed with wedding we surely do meet a LOOOOOT of people during indian weddings
this video gives us 5 types of people we see during every wedding season
share this video if you have met such type of people during weddings"
The Blackmailing Brother | Ashish Chanchlani,Subscribe,38M views,6 years ago,https://www.youtube.com/watch?v=MFII4q-QSXg,"Another supremely relatable video that showcases real life story of every elder brother bullying and blackmailing the younger brother Making him slave for the entire life
find out what happens next :D"
"Fukrapanti Students Do In Classroom Ft. Hunny, Choocha & Lali | Ashish Chanchlani",Subscribe,54M views,6 years ago,https://www.youtube.com/watch?v=KQb4d9N-sQw,"Have you ever come across the most mischievous students in our classroom, this video features the masti that happens during those lectures
"
The Palti-Khor FRIEND | Ashish Chanchlani,Subscribe,45M views,6 years ago,https://www.youtube.com/watch?v=yeij2JKM1mU,"We all know that one friend from our group who behaves very different in front of girls, this video is for those overskirt assholes
share this video with those friends
Co starring : Akash dodeja, simran dhanwani & kunal chhabhria"
When Rickshaw-Wala Rejects You | Ashish Chanchlani,Subscribe,45M views,6 years ago,https://www.youtube.com/watch?v=3WXHc9HbEH8,"We all know that we have been constantly rejected by auto-walas in this country, here is a revenge video made for you people 
WE ALL WANT TO DO THIS ONCE 
co-starring : Kunal chhabhria, akash dodeja, anmol sachar, rohit sadhwani, jashan sirwani, tanish sirwani, akash jagtap,raaj rais"
Types Of People During Diwali | Ashish Chanchlani,Subscribe,63M views,6 years ago,https://www.youtube.com/watch?v=myHAv5veJUw,"Here is a Diwali special video for all of you people showcasing the types of people you meet during diwali
share this video with your family and friends
starring : akash dodeja, kunal chhabhria, simran dhanwani, tanish sirwani, gulshan ailsinghani,rohit sadhwani & jashan sirwani"
Annoying Things GIRLFRIENDS Do on Call | Ashish Chanchlani,Subscribe,27M views,6 years ago,https://www.youtube.com/watch?v=T7ikI4q8f1g,"We all have that one friend who is fed up of his girlfriend and her torturous calls, this video is for that irritated boyfriend
Share this video with your committed friends
Video edited by Kunal Chhabhria"
Ashish Chanchlani vines - All unposted INSTAGRAM vines compilation/collection,Subscribe,17M views,6 years ago,https://www.youtube.com/watch?v=SlcJJ__RJ-s,"Hello to all you lovely people
as you all are aware that manyyy channels steal my videos and post them on youtbe and snatch away my credit, so i decided to post all my old unposted vines compilation for you all"
Every Friends Trip ever | Ashish Chanchlani,Subscribe,40M views,6 years ago,https://www.youtube.com/watch?v=x4F5VRI3O84,"Here is a detailed analysis on every FRIENDS trip ever
From roasting one friend to boasting fake courage
we all do things that are silly yet super fun"
That one friend Who never gives back your photos | Ashish Chanchlani,Subscribe,13M views,6 years ago,https://www.youtube.com/watch?v=MqHW_4J3Fj0,"We all know that one friend in our group who clicks our pictures but never really gives us those pictures because he is too lazy to send it backüòÇüòÇ
This video is specially made on them"
When Relatives Visit you | Ashish Chanchlani,Subscribe,36M views,6 years ago,https://www.youtube.com/watch?v=etzLHbxjBHQ,"We all know how irritating and confusing it gets when our relatives visit us
here is special video based entirely on the time when relatives visit us
Share this video if you also get confused by your relatives"
RANTING RAVI EPISODE 2 : Band karo SARAHAH ka chutiyapa | Ashish Chanchlani,Subscribe,5.9M views,6 years ago,https://www.youtube.com/watch?v=vBxsZpSlgFw,"Warning Use headphones contains cuss words
I dont need to add any description for this video
this video was highly demanded by you guys"
Raksha-Bandhan Special : How Brothers Irritate Sisters | Ashish Chanchlani,Subscribe,58M views,6 years ago,https://www.youtube.com/watch?v=CwromF-61Kk,"Raksha bandhan special : here is a video about every brother in the world who looves to irritate their sisters
from stealing food to teasing them to death to bullying them in front of parents we brothers enjoy every type of mischief with our sisters"
That one Friend who cannot grow a Beard | Ashish Chanchlani,Subscribe,26M views,6 years ago,https://www.youtube.com/watch?v=H1RSI2XWwJs,"We all have that one friend in our group who CANNOT GROW A BEARD
this video is for them and how their friends who can grow a beard torture themüòÇüòÇ
Ps: It has a special message in the end"
When girls see a cute baby | Ashish Chanchlani,Subscribe,20M views,6 years ago,https://www.youtube.com/watch?v=_6-KvFkAvc0,"we all know a girl in our group who is way too crazy for small babies
and reacts hyperactively when she sees a baby
this video is for those girlsüòÇüòÇ"
Thank you for 1 MILLION SUBSCRIBERS! | Ashish Chanchlani,Subscribe,2.4M views,6 years ago,https://www.youtube.com/watch?v=7jqJATGrcV0,"this video is not a sketch or a vine
its a video for every subscriber,follower and fan of mine
Thank you all from the bottom of my heart"
That one friend who sings all songs confidently with wrong lyrics PART 3 : DESPACITO,Subscribe,31M views,6 years ago,https://www.youtube.com/watch?v=scR-7z8diUU,"Warning 18+ CONTENT, USE HEADPHONES :
After a loooot of demand for the third part of my viral series ""That friend who sings all songs confidently with wrong lyrics"" the only song that currently needed to be here has to be the blockbuster DESPACITO!"
"Every indian dad on ""BIJLEE KA BILL"" | Ashish Chanchlani",Subscribe,38M views,6 years ago,https://www.youtube.com/watch?v=WwBECCjrVmY,"We all know that when it comes to electricity our indian dads are super ""Conservative""
because saving electricity is the biggest form of respect you can give our dadsüòÇüòÇ
Share this video if your dad also lectures you about ""BIJLEE KA BILL"""
"When she says ""I HAVE A BOYFRIEND"" | Ashish Chanchlani",Subscribe,26M views,6 years ago,https://www.youtube.com/watch?v=pp1krixOI34,"Have you ever come across a girl who thinks that every boy comes to hit on her well this video is for those girls.
 this video is a revenge against those girls who constantly judge boys and keep saying ""SORRY I HAVE A BOYFRIEND""
Share this video if you want to take revenge like thisüòé"
That Friend who drives THE WORST | Ashish Chanchlani,Subscribe,24M views,6 years ago,https://www.youtube.com/watch?v=jYWsstw8RXI,"We all have a friend in our group whose driving is absolutely the WORST, This video is basically a documentary based on those pathetic drivers that our friends are!
Share this video if you have a friend WHO DRIVES THE WORST"
Thoughts you have after watching a HORROR MOVIE,Subscribe,25M views,6 years ago,https://www.youtube.com/watch?v=vzGLSvmxYvE,"Have you ever been through that scary phase after watching a horror movie? 
where your entire room feels haunted, Every sound made in the room makes you scared, And you start thinking about how you will survive the night? "
Doraemon Dub PART 2 | Ashish Chanchlani,Subscribe,9.4M views,6 years ago,https://www.youtube.com/watch?v=nexcv6YpXXA,"Hello guys after a loooooot of demand i have posted this dub, and i know within minutes if my upload this video will get age restricted but this one is for all my fans, who are crazy about my dubbing, i dedicate this dubbing to you all lovelies"
TYPES OF STUDENTS DURING RESULTS | Ashish Chanchlani,Subscribe,33M views,6 years ago,https://www.youtube.com/watch?v=bfmWOCgJIjA,"A special video for all those students whose results are about to be declared
as many might be in stress and tension regarding their results,i bring to you a vine on types of students you usually see during these results DAYS!"
Every NON-VEG lover ever | Ashish Chanchlani,Subscribe,42M views,6 years ago,https://www.youtube.com/watch?v=VjgmMO5t9y0,"Here is a video for EVERY NON-VEG LOVER EVER!!!
yes we all know that one irritating non-vegetarian in every group that debates with vegetarians or is hell bent on making every vegetarian taste non-Veg"
When dad pressurises you to choose a career | Ashish Chanchlani,Subscribe,20M views,6 years ago,https://www.youtube.com/watch?v=HIazCGJJyG4,"Have you ever been pressurised by your dad to choose a particular career? and you chose it because he wanted you to
if yes then this emotional video is for you
SHARE THIS VIDEO IF YOUR PARENTS WANTED YOU TO BECOME AND ENGINEER OR A DOCTOR"
THE DORAEMON DUB,Sign in,5.9M views,6 years ago,https://www.youtube.com/watch?v=xsEfi3f0dYg,
When mom is scolding your brother & you are enjoying it,Subscribe,17M views,6 years ago,https://www.youtube.com/watch?v=EFg21zta1Ws,"you all have been through this
whenever mom is shouting at your brother or sister you stand there like an audience enjoying the fuck out of itüòÇüòÇüòÇ and there is no other greater delight than seeing your sibling grilled by mummyüòÇüòÇüòÇ after all they deserve itüòú "
When its late and you start getting calls from HOME.,Subscribe,20M views,6 years ago,https://www.youtube.com/watch?v=GHlC73XxlBs,"If you have ever been roaming with friends at night and you start getting calls from your mom as soon as its 12 AM
THEN THIS VIDEO IS FOR YOU
but hang on there,because a twist arrives in the end"
The 2 Girls who always ROAST EACH OTHER,Subscribe,12M views,6 years ago,https://www.youtube.com/watch?v=neZxL0jAxE4,"we all know 2 such girls who are super jealous of each other and keep bitching about each other
but it gets fun once they start roasting each other on face and you be there ready with popcornüòÇ"
The Boring lecture Survival,Subscribe,42M views,6 years ago,https://www.youtube.com/watch?v=1GuobdKLNg8,"This video is not fictional
its based on the true lives of indian students
this video accurately describes what we students go through in a boring lecture"
RANTING RAVI EPISODE 1 : BAND KARO SAYAT.ME KA CHUTIYAPA,Subscribe,2.8M views,6 years ago,https://www.youtube.com/watch?v=0nZTHOsMWOI,"PRESENTING TO YOU RANTING RAVI'S DEBUT
: bhagwan ke lie band karo sayat.me ka chutiyapa
maaf karo bhai"
That friend Who always says NO to all our plans,Subscribed,17M views,6 years ago,https://www.youtube.com/watch?v=R556sikItFU,"We all know that one ASSHOLE friend of ours who always says NO to all plans
always cancels all plans at the last moments
with the MOST RIDICULOUS EXCUSES EVER."
This summer BE VERY CAREFUL,Subscribe,21M views,6 years ago,https://www.youtube.com/watch?v=T33TJp8uUEw,"Agar india mein ho toh ab tak ek cheez realise ho gayi hogi
garami is tarah badh chuki hai sabki phatke haath mein aa gayi hai
islie ye hai ek special parody video of your bum getting roasted on those 2-wheeler leather seats"
When your Crush touches you for the first time,Subscribe,17M views,6 years ago,https://www.youtube.com/watch?v=pO_4Ko1-X6Q,"Do you know that awesome feeling when your crush touches you for the first time
this video elaborately describes that situation with a twist
Share if you too have crush on someone"
,,,,https://www.youtube.com/watch?v=twRk0olF8CY,
The friend that always taunts us during anti-smoking ads,Subscribe,8M views,6 years ago,https://www.youtube.com/watch?v=580HVApvodE,"Every time we go to watch a movie with our best friend and everytime those anti-smoking ads are played
they taunt and annoy us even if we havent touched a ciggerate in our entire life
this video is for all those innocent non-smokers that are teased during these ads"
Whenever i try dieting,Subscribe,14M views,6 years ago,https://www.youtube.com/watch?v=NePREIAqsyE,"whenever i try dieting i fail miserably, this special video is for all those people who keep saying ""AAJ SE MAIN DIETING KARUNGA"""
How to take revenge from WATER-BALLOON ATTACKERS THIS HOLI SEASON,Subscribe,12M views,6 years ago,https://www.youtube.com/watch?v=kcr3KyzNwgk,"Hello all,as well all are very frustrated by the constant throwing of water balloons this holi season,it can hurt someone very badly, so we Decided to make a video on takinh revenge from them in the most hilarious way"
Every indian student's studying pattern during exams,Subscribe,11M views,6 years ago,https://www.youtube.com/watch?v=DmlSN7mzczI,"Well here is an accurate depiction of the studying pattern of 90 % Indian students during exams
ps : OFCOURSE ITS BASED ON A TRUE STORY :)
SHARE THIS VIDEO IF THIS IS YOUR STUDYING PATTERN"
That one friend who sings all songs confidently with wrong lyrics :PART 2 ENGLISH SONGS,Subscribe,18M views,6 years ago,https://www.youtube.com/watch?v=zFFmXPqucKo,"After a lot of demand for this i made the ENGLISH SONGS VERSION  of the wrong lyrics video!
share with all your friends"
Short vine : Never plan an outing with your girlfriend,Subscribe,4.7M views,6 years ago,https://www.youtube.com/watch?v=oA48tKlxS9c,"Hey guys here is a short video and sequel to my ""kuch bhi chalega"" vine about a girl whose one reply to all questions is ""jidhar tu bol""
share this with all those girlfriends"
The most hardworking FRIENDS during exams!,Subscribe,21M views,6 years ago,https://www.youtube.com/watch?v=ODWAIZ9cCqQ,"We all know those people who work very hard for exams,this video is for all those amazing hardworking innocent kids that can go on all lenghts to score good marks."
TWILIGHT DUB PART 13,Subscribe,3.1M views,6 years ago,https://www.youtube.com/watch?v=zWr6j9rIRDA,"Hey guys on high demands of twilight dubs 
here is the 13Th part of your favourite series"
This valentines BE VERY CAREFUL,Subscribe,9.8M views,7 years ago,https://www.youtube.com/watch?v=LAbN7Bjvj-U,"Here is a video to warn you all about what can happen with you on valentines day in india,please share this video with everyone to spread awareness"
THE MOST HARDWORKING FRIEND DURING EXAMS,Subscribe,16M views,7 years ago,https://www.youtube.com/watch?v=Tk_f_--1pSo,"We all know that one very hardworkinh guy during exams
this video is dedicated for them"
The frustrated indian driver,Subscribe,16M views,7 years ago,https://www.youtube.com/watch?v=wzAEo2vCLQk,"We all know that when we drive in india,our temper looses the moment we sit,if you are a frustrated indian driver 
this video is for you"
VALENTINES DAY CHUTIYAPA : Girls v Boys,Subscribe,8.8M views,7 years ago,https://www.youtube.com/watch?v=tzVpn1W-6Gg,"So we know the chutiyapa starts from today,and i conducted a small interview from people asking them the quality they want in theit valentines"
Eating habits in classroom,Subscribe,37M views,7 years ago,https://www.youtube.com/watch?v=-9tEqVg1PYQ,"if you have ever eaten in the middle of lecture when sir is not watching
then this epic video is for you
share it will all your best friend"
That one friend who sings all songs confidently with wrong lyrics,Subscribe,18M views,7 years ago,https://www.youtube.com/watch?v=JSBL2aXlJO8,"We all have this one friend who always sings every bollywood songs way too confidently but with WRONG LYRICS!
SHARE THIS VIDEO WITH THEM"
Relationships of this generation have crossed new limits of chutiyapa,Subscribe,7.1M views,7 years ago,https://www.youtube.com/watch?v=vTSlTM1QUuk,"when it comes to bizzare and weird ways of running relationships
Our generation has crossed new limits
specially in baby language of ""ale mela baby madaltod"""
KOI MIL GAYA DUB PART 2,Subscribe,3.1M views,7 years ago,https://www.youtube.com/watch?v=0Zqp5ILsg4s,"my last koi mil gaya dub was the worst dub ever,this dub crosses the limit of worstness and scars your childhood forever,ps its so bad jadoo will come back to earth to kill us"
"vlog in australia : The story behind ""RANDOMZZZ"" caption of girls on facebook",Subscribe,2.2M views,7 years ago,https://www.youtube.com/watch?v=IYtDCIXmzPE,"hey guys i wanted to vlog about this thing called photo captions and a special category in india where we see girls putting up captions like ""randomzz"" whats the story behind it? watch the video to find out"
"That one ""PHEKU"" and his ""CHAMCHA"" we all know",Subscribe,17M views,7 years ago,https://www.youtube.com/watch?v=eFHC7JpDO3A,"We all know this one person who boasts a lot about his wealth but is actually the poorest of all,share this video with them."
What girls pack while travelling VS What boys pack while travelling,Subscribe,13M views,7 years ago,https://www.youtube.com/watch?v=LGP4-nJM3S4,"when it comes to travelling,girls pack wayyyyy more than what an average boy packs for travelling"
The reality of every NEW YEAR PLAN,Subscribe,7.5M views,7 years ago,https://www.youtube.com/watch?v=3ePeozKtTKU,"It always happens at the end of the year,all our friend give us the ""TAANG"" at the very last moment"
That one girl who boasts a lot about her family,Subscribe,13M views,7 years ago,https://www.youtube.com/watch?v=PMwffNVhF9Q,"har group mei  aisi ek ladki zaroor hoti hai,jiske haisaab se uske ghar waale duniya ke sabse ache gharwaale hai,humare gharwaale toh jallad hai bc"
WHEN SANTA CLAUS VISITED INDIA,Subscribe,19M views,7 years ago,https://www.youtube.com/watch?v=1Fk03e7zVvw,"hey there 
MERRY CHRISTMAS TO ALL
this is what happens when santa comes to gift youngsters of india share with your best friends"
ASHISH CHANCHLANI VINES : THE DEVDAS DUB,Subscribe,4.1M views,7 years ago,https://www.youtube.com/watch?v=776PsBzudaM,if you are a devdas fan i am sorry for this dubüòÇüòÇ
That one friend who plays THE WORST SONGS EVER!,Subscribe,11M views,7 years ago,https://www.youtube.com/watch?v=-1dBi0oPXUs,we all have that one best friend Who plays the worst bollywood songs ever! share this video with them now
TALKING TO YOUR CRUSH FOR THE FIRST TIME : EXPECTATIONS VS REALITY,Subscribe,11M views,7 years ago,https://www.youtube.com/watch?v=vbKch_J5FMA,"we think a lot will happen right when we first say hi to our crush,but a lot bad happensüòÇ"
How indian girls bargain vs how indian boys bargain,Subscribe,18M views,7 years ago,https://www.youtube.com/watch?v=3jPao7fcP8s,"well well well when it comes to bargaining the girls are musch much better than us,yeah we kinda suck at it"
Ashish Chanchlani Vines - 3 IDIOTS DUB,Subscribe,14M views,7 years ago,https://www.youtube.com/watch?v=aBRLXvT6urs,"if you are a college student,this hilarious 3 idiots dub is for you"
When you ask your girlfriend for lunch,Subscribe,5.8M views,7 years ago,https://www.youtube.com/watch?v=_CfiavqKlBM,"whenever you ask your girlfriend for lunch,her reply always will be ""muje kuch bhi chalega"""
ASHISH CHANCHLANI VINES KUNG FU HUSTLE DUB,Subscribe,10M views,7 years ago,https://www.youtube.com/watch?v=nAG_myn8JtQ,"here is my most successful dub after twilight, kung fu hustle dub"
ASHISH CHANCHLANI VINES CIVIL WAR & AVENGERS DUB,Subscribe,16M views,7 years ago,https://www.youtube.com/watch?v=rEwKqsKj3yc,"i got a lot of requests to upload my civil war and avengers dubs online, here they are :)"
Indian reality shows be like,Subscribe,11M views,7 years ago,https://www.youtube.com/watch?v=7NZeZYxEpP4,"when it comes to indian reality shows,melodrama and sympathy is stuffed in it at abundance."
That one PANAUTI FRIEND in every group,Subscribe,22M views,7 years ago,https://www.youtube.com/watch?v=GE7SZB0ME1c,"come on you cannot deny the fact that your friend circle has that one ""peanut-kaali zubaan"" wala friend 
whatever that witch says turns bad.share this video with your friends specially the peanut one :P"
make up tutorial PART 4,Subscribe,8.1M views,7 years ago,https://www.youtube.com/watch?v=l1lUOvUkRwM,Faded
make up tutorial series part 1 2 3,Subscribe,12M views,7 years ago,https://www.youtube.com/watch?v=rYiKw54mjF0,"Here is a compilation of my make up tutorial series part 1,2 & 3
share and tag people to show this parody of typical make-up tutorials on youtube. subscribe my youtube channel for more such hilarious videos :)"
koi mil gaya dubbing,Sign in,2.7M views,7 years ago,https://www.youtube.com/watch?v=MwsTo_C65f0,
TYPES  OF EXAM SITUATIONS,Subscribe,22M views,7 years ago,https://www.youtube.com/watch?v=UoV5m_KV3FE,"things students have to go through exams have been depicted in this vide,inspired by true events :)"
THINGS INDIAN DADS SAY,Subscribe,9.6M views,7 years ago,https://www.youtube.com/watch?v=ioqVy_EPM54,"Yes we have all been through this,our das loofa to over exaggerate things and tell us stories of their childhood & adulthood to make us feel inferior,no matter how ridiculous the story gets,we still listen to them and love them,share this video with your dads now!!!!! 
tag all your friends #indiandads"
HOW TO BUY THE NEW IPHONE 7 EASILY,Subscribe,11M views,7 years ago,https://www.youtube.com/watch?v=NHjIXa-YW0c,Here is my simple tutorial on how to buy the new i phone 7 easily :) share it with your friends as well :)
BIDDING FAREWELL : Normal Friend vs Best Friend,Subscribe,7.9M views,7 years ago,https://www.youtube.com/watch?v=NCTjLaP53rw,"Farewells are one of the saddest parts of studying abroad but our fucking besties make sure that its a hilarious farewell,share this video with your best friend who came to bid you a farewell :D"
Ashish Chanchlani Vines  ALL TWILIGHT DUBS COMPILATION part 1-11,Subscribe,10M views,7 years ago,https://www.youtube.com/watch?v=IPRSi7fe84Y,"hey guys as you all gave me so much love for my dubbing i made a super compilation of all my twilight dubs from part 1 to part 11
watch and enjoy and please share on all platforms with your friends."
THE UNO GAME,Subscribe,8.6M views,7 years ago,https://www.youtube.com/watch?v=Znn5UcL9v3U,"Ever played uno with your pals,well this video brings the worst of worst uno scenarios ever in desi style starring my co vines gulshan ailsinghani,alka ailsinghani,kunal chhabhria & vishal nathani"
AVENGERS DUBBING BY ASHISH CHANCHLANI VINES,Subscribe,8.9M views,7 years ago,https://www.youtube.com/watch?v=2xAde8inAnM,After my super successful series of twilight dubs i bring to you THE AVENGERS DUB :D
THE DOUBLE CHEESE PAN PIZZA CURSE,Subscribe,11M views,8 years ago,https://www.youtube.com/watch?v=Nx3QpUQy_RU,"has this ever happened with you? when you guys call a pizza company they always try to sell thier new snack,And they are hell bent on selling that item to you presenting THE DOUBLE CHEESE PAN PIZZA CURSE"
ALL THINGS YOU SHOULD NOT SAY/DO TO YOUR GIRLFRIEND,Subscribe,10M views,8 years ago,https://www.youtube.com/watch?v=Dfj55UV_bBg,"FINALLY HERE IT IS : ALL THINGS YOU SHOULD NOT SAY/DO TO YOUR GIRLFRIEND INSPIRED BY EH BEE FAMILY
all my 8 parts are together in this one and believe me its even more fun to watch them all together
MY MOST FAMOUS SERIESSHARE IT AS MUCH AS POSSIBLE"
THE 4G HAUNTING,Subscribe,8.1M views,8 years ago,https://www.youtube.com/watch?v=aql4ZFDN7ig,"there is someone someone that lurks in your room in your house,if you feel you are safe enough then you are wrong,me and my brother made this video so that many more lives are not slaughtered,please share this video as much as you can THIS IS REAL THE 4G GIRL IS REAL don't ignore this video or else she will come and haunt your nights,share this video with atlas 10 friends so th"
how best friends motivate us,Subscribe,4.2M views,8 years ago,https://www.youtube.com/watch?v=pDHhJlIpzNg,Where Dreams Begin
how people show off that they are visiting a concert,Subscribe,3.9M views,8 years ago,https://www.youtube.com/watch?v=0r0D1b5vsFg,
NUTELLA AND ME CANNOT BE SEPERATED,Subscribe,3M views,8 years ago,https://www.youtube.com/watch?v=xv4odoK1OUk,"WHEN PARENTS HAVE WARNED YOU NEVER TO EAT NUTELLA BECAUSE OF WEIGHT ISSUES,AND THEN YOU ARE ALONE IN HOUSE WITH NUTELLA"
COMEDY HUNT- CLASSROOM GENDER DISCRIMINATION,Subscribe,4.6M views,8 years ago,https://www.youtube.com/watch?v=isvw83yLD4E,a harsh reality of discrimination that takes place everywhere well classrooms specially :P
COMEDY HUNT-ashish chanchlani top vines compilation,Subscribe,4.6M views,8 years ago,https://www.youtube.com/watch?v=2PG6bpkWhmY,"hey guys as you all know i have a passion for making vines so i am participating in the comedy hunt i hope all of you support me,i have compiled all my viral vines in this video"
ashish chanchlani vines mini compilation part 2,Subscribe,2.9M views,8 years ago,https://www.youtube.com/watch?v=htCT1vwjIqY,"hey guys here are me next 10 vines compiled after the last one,hope you guys enjoy :)"
when your younger brother irritates you,Subscribe,4.6M views,8 years ago,https://www.youtube.com/watch?v=7TjGxzIQ_eo,"like my Facebook page guys ¬†¬†/¬†ashchanchlanivines¬†¬† 
every sunday a new video :D"
That moment when teacher shifts you from the last bench to the first bench,Subscribe,2.2M views,8 years ago,https://www.youtube.com/watch?v=oLTQyAxR7CM,"this has happened with most of the people in their college,the best way to threaten a student is to call him/her at the first bench"
how girls dress up in india when they are about to drive on a 2-wheeler,Subscribe,3.4M views,8 years ago,https://www.youtube.com/watch?v=keWjofrhYkY,Pirates of the Caribbean: The Curse of the Black Pearl (Original Motion Picture Soundtrack)
YOUR REACTION WHEN YOUR BROTHER FORGETS TO FLUSH,Subscribe,5.6M views,8 years ago,https://www.youtube.com/watch?v=FPJtsz8m7go,
when girls get moody,Subscribe,4.6M views,8 years ago,https://www.youtube.com/watch?v=DN8JfMghO3Y,PK
ROY MOVIE REVIEW: THE MOST IRRITATING MOVIE EVER MADE,Subscribe,4M views,9 years ago,https://www.youtube.com/watch?v=f79m9jiRppk,watch my reaction to one of the slowest movies ever made in the history of bollywood
"when honey singh acts smart and messes with the wrong ""gavtee"" girl",Subscribe,2.4M views,9 years ago,https://www.youtube.com/watch?v=dBLsbZi79m0,
Driving in a foreign country vs Driving in india,Subscribe,10M views,9 years ago,https://www.youtube.com/watch?v=oo6mOx7W48A,
THE CYCLE OF ENGINEERING EXAMS,Subscribe,24M views,9 years ago,https://www.youtube.com/watch?v=1KES3yOl9CA,via YouTube Capture
your hunger depends on what food mom makes,Subscribe,8.6M views,9 years ago,https://www.youtube.com/watch?v=7YbvfI4tijM,via YouTube Capture
"how to annoy people who say ""tu mere baap ko jaanta hai?""",Subscribe,13M views,9 years ago,https://www.youtube.com/watch?v=NqLqv6lRR9Q,via YouTube Capture
