Title,Views,Date_Time,video_link,Thumbnail
Holi Returns | Ashish chanchlani,36M views,11 months ago,/watch?v=LxLf3G00DyM,https://i.ytimg.com/vi/LxLf3G00DyM/hqdefault.jpg
Sasta Biig Bosss 2 | Parody | Ashish Chanchlani,36M views,1 year ago,/watch?v=Tr8AS-a4AOc,https://i.ytimg.com/vi/Tr8AS-a4AOc/hqdefault.jpg
Sasta Shaark Tank | Ashish Chanchlani,74M views,1 year ago,/watch?v=xrR3xQNeB_Y,https://i.ytimg.com/vi/xrR3xQNeB_Y/hqdefault.jpg
I Attended Spider-Man : No Way Home Premiere | Ashish Chanchlani | LA vlog,23M views,2 years ago,/watch?v=7EGD9edu-ls,https://i.ytimg.com/vi/7EGD9edu-ls/hqdefault.jpg
OTP The Lottery: Chapter 2 | Ashish Chanchlani,52M views,2 years ago,/watch?v=Xiifgxw-z54,https://i.ytimg.com/vi/Xiifgxw-z54/hqdefault.jpg
OTP The Lottery : Chapter 1 | Ashish Chanchlani,52M views,2 years ago,/watch?v=-O7a9Oro1KI,https://i.ytimg.com/vi/-O7a9Oro1KI/hqdefault.jpg
Online Parent Teacher Meeting | Ashish Chanchlani,60M views,2 years ago,/watch?v=LtLJRNBHOKc,https://i.ytimg.com/vi/LtLJRNBHOKc/hqdefault.jpg
The Mummy Returns | Ashish Chanchlani,70M views,2 years ago,/watch?v=xAaNbu-1k4o,https://i.ytimg.com/vi/xAaNbu-1k4o/hqdefault.jpg
Mission Valentine | Ashish Chanchlani,46M views,3 years ago,/watch?v=QWZ8pZBViKQ,https://i.ytimg.com/vi/QWZ8pZBViKQ/hqdefault.jpg
Sasta Biig Bosss | Parody | Ashish Chanchlani,60M views,3 years ago,/watch?v=hWPopqZJJww,https://i.ytimg.com/vi/hWPopqZJJww/hqdefault.jpg
The Dealer | ACV Hatke | Barkha Singh | Ashish Chanchlani,37M views,3 years ago,/watch?v=k5Yk5TVhDvQ,https://i.ytimg.com/vi/k5Yk5TVhDvQ/hqdefault.jpg
Office Exam Aur Vaccine | Ashish Chanchlani,87M views,3 years ago,/watch?v=Zr3PukaVXFo,https://i.ytimg.com/vi/Zr3PukaVXFo/hqdefault.jpg
The 20 Million Journey | Dedicated To All My Fans | Ashish Chanchlani & Team,16M views,3 years ago,/watch?v=jQyP-iZTuao,https://i.ytimg.com/vi/jQyP-iZTuao/hqdefault.jpg
RakshaBandhan 2020 | Ashish Chanchlani,54M views,3 years ago,/watch?v=Inf66y-oHhM,https://i.ytimg.com/vi/Inf66y-oHhM/hqdefault.jpg
Exam Cancellation | Ashish Chanchlani Dubs,18M views,3 years ago,/watch?v=mqEyZ9vbvXg,https://i.ytimg.com/vi/mqEyZ9vbvXg/hqdefault.jpg
Lockdown Ke Side Effects | Ashish Chanchlani,74M views,3 years ago,/watch?v=ZQOp12Yu3o0,https://i.ytimg.com/vi/ZQOp12Yu3o0/hqdefault.jpg
The Lockdown Rap Ft. INDIAN YOUTUBERS | Kunal Chhabhria |  Anmol Sachar | Ashish Chanchlani,27M views,3 years ago,/watch?v=R3vWgzZ_aQk,https://i.ytimg.com/vi/R3vWgzZ_aQk/hqdefault.jpg
Lockdown With Parivar | Ashish Chanchlani,50M views,3 years ago,/watch?v=61xbuz0_Y6I,https://i.ytimg.com/vi/61xbuz0_Y6I/hqdefault.jpg
Final Exams | Ashish Chanchlani,89M views,3 years ago,/watch?v=J-zn8PdvZOU,https://i.ytimg.com/vi/J-zn8PdvZOU/hqdefault.jpg
Aakhri Safar | ACV Hatke | Ashish Chanchlani | Ft. Akshata Sonawane & Deepak Sampat,18M views,4 years ago,/watch?v=hSYPO2LSWxw,https://i.ytimg.com/vi/hSYPO2LSWxw/hqdefault.jpg
Types Of Drinkers | Ashish Chanchlani,48M views,4 years ago,/watch?v=K5A1RezhxMU,https://i.ytimg.com/vi/K5A1RezhxMU/hqdefault.jpg
Cinemas : Then Vs Now | Ashish Chanchlani,62M views,4 years ago,/watch?v=WsqnZvsBTQ0,https://i.ytimg.com/vi/WsqnZvsBTQ0/hqdefault.jpg
Diwali Returns | Ashish Chanchlani,53M views,4 years ago,/watch?v=IWa8XnmKzA0,https://i.ytimg.com/vi/IWa8XnmKzA0/hqdefault.jpg
Double Apple iFhone | iPhone Parody | Ashish Chanchlani | 4K UHD (With English Subtitles),38M views,4 years ago,/watch?v=M0ImB9fImtc,https://i.ytimg.com/vi/M0ImB9fImtc/hqdefault.jpg
Baarish Ke Side Effects | Ashish Chanchlani,76M views,4 years ago,/watch?v=ARWbsGi-dWU,https://i.ytimg.com/vi/ARWbsGi-dWU/hqdefault.jpg
The Mummy | Ashish Chanchlani,55M views,4 years ago,/watch?v=I297fWlMDx0,https://i.ytimg.com/vi/I297fWlMDx0/hqdefault.jpg
Gupt Gyaan | Ashish Chanchlani,47M views,4 years ago,/watch?v=YUEtgAPNV0w,https://i.ytimg.com/vi/YUEtgAPNV0w/hqdefault.jpg
Student Life : Bollywood VS Reality | Ashish Chanchlani,67M views,4 years ago,/watch?v=OCeqeJi_jYI,https://i.ytimg.com/vi/OCeqeJi_jYI/hqdefault.jpg
Avengers Endgame Premiere With Ashish Chanchlani,26M views,4 years ago,/watch?v=NbXhlDavq0Q,https://i.ytimg.com/vi/NbXhlDavq0Q/hqdefault.jpg
Cricket Gully Gully Ki | Ashish Chanchlani,72M views,4 years ago,/watch?v=QKBJXjChDHw,https://i.ytimg.com/vi/QKBJXjChDHw/hqdefault.jpg
HOLI HAI !! | Ashish Chanchlani,55M views,4 years ago,/watch?v=O4gIw9T7qBQ,https://i.ytimg.com/vi/O4gIw9T7qBQ/hqdefault.jpg
Kahani Road Road Ki | Ashish Chanchlani,62M views,4 years ago,/watch?v=SFsuf0923Rg,https://i.ytimg.com/vi/SFsuf0923Rg/hqdefault.jpg
The Student Anthem | Ashish Chanchlani | Raftaar | Shaikhspeare,27M views,5 years ago,/watch?v=wNDj7RxuXdU,https://i.ytimg.com/vi/wNDj7RxuXdU/hqdefault.jpg
Tuition Classes aur Bache | Ashish Chanchlani,158M views,5 years ago,/watch?v=d72vXhJDE6M,https://i.ytimg.com/vi/d72vXhJDE6M/hqdefault.jpg
PUBG : Ek Game Katha | Ashish Chanchlani,103M views,5 years ago,/watch?v=iGBnjKnU4pU,https://i.ytimg.com/vi/iGBnjKnU4pU/hqdefault.jpg
Diwali Har Ghar Ki | Ashish Chanchlani,73M views,5 years ago,/watch?v=JznTUVongfk,https://i.ytimg.com/vi/JznTUVongfk/hqdefault.jpg
Baap Bijli Aur Bill Ft. Shahid Kapoor | Ashish Chanchlani,85M views,5 years ago,/watch?v=KEHV90TfFm8,https://i.ytimg.com/vi/KEHV90TfFm8/hqdefault.jpg
Meri Pyaari Behna?  | Ashish Chanchlani | Muskan Chanchlani,70M views,5 years ago,/watch?v=rEhiYpkLrvA,https://i.ytimg.com/vi/rEhiYpkLrvA/hqdefault.jpg
When Ashish Chanchlani Met Akshay Kumar | GOLD,43M views,5 years ago,/watch?v=yGxKV3a-giQ,https://i.ytimg.com/vi/yGxKV3a-giQ/hqdefault.jpg
Science Vs Commerce | Chapter 2 | Ashish Chanchlani,94M views,5 years ago,/watch?v=Lqj3PhXBEnk,https://i.ytimg.com/vi/Lqj3PhXBEnk/hqdefault.jpg
Science Vs Commerce | Chapter 1 | Ashish Chanchlani,96M views,5 years ago,/watch?v=Y6l6ZvAIl70,https://i.ytimg.com/vi/Y6l6ZvAIl70/hqdefault.jpg
Restaurant Sutiyapa | Ashish Chanchlani,60M views,5 years ago,/watch?v=WDiK14qI3pQ,https://i.ytimg.com/vi/WDiK14qI3pQ/hqdefault.jpg
Avengers Infinity War with Ashish Chanchlani,20M views,5 years ago,/watch?v=4juJXyLX510,https://i.ytimg.com/vi/4juJXyLX510/hqdefault.jpg
Garmi Ke Side-Effects | Ashish Chanchlani,77M views,5 years ago,/watch?v=bYSRPuDEnTg,https://i.ytimg.com/vi/bYSRPuDEnTg/hqdefault.jpg
Exams Ka Mausam | Ashish Chanchlani,127M views,5 years ago,/watch?v=Wje3zkc7syE,https://i.ytimg.com/vi/Wje3zkc7syE/hqdefault.jpg
Yaar Vs Pyaar Ft. Kartik Aaryan & Nushrat Bharucha | Ashish Chanchlani,36M views,5 years ago,/watch?v=4U9b58rtoNg,https://i.ytimg.com/vi/4U9b58rtoNg/hqdefault.jpg
Valentine Is Back | Ashish Chanchlani,48M views,6 years ago,/watch?v=N1Bsvxje-Dg,https://i.ytimg.com/vi/N1Bsvxje-Dg/hqdefault.jpg
Dad Goa aur Permission | Ashish Chanchlani,62M views,6 years ago,/watch?v=b-4zZROZ-GQ,https://i.ytimg.com/vi/b-4zZROZ-GQ/hqdefault.jpg
The Stranger | Ashish Chanchlani,25M views,6 years ago,/watch?v=j2wDUFASet0,https://i.ytimg.com/vi/j2wDUFASet0/hqdefault.jpg
Types Of People During Indian Weddings PART 2 | Ashish Chanchlani,46M views,6 years ago,/watch?v=hrkLzHGwRMk,https://i.ytimg.com/vi/hrkLzHGwRMk/hqdefault.jpg
Types Of People During Indian Weddings - PART 1 | Ashish Chanchlani,73M views,6 years ago,/watch?v=zN23NjdOT14,https://i.ytimg.com/vi/zN23NjdOT14/hqdefault.jpg
The Blackmailing Brother | Ashish Chanchlani,38M views,6 years ago,/watch?v=MFII4q-QSXg,https://i.ytimg.com/vi/MFII4q-QSXg/hqdefault.jpg
"Fukrapanti Students Do In Classroom Ft. Hunny, Choocha & Lali | Ashish Chanchlani",54M views,6 years ago,/watch?v=KQb4d9N-sQw,https://i.ytimg.com/vi/KQb4d9N-sQw/hqdefault.jpg
The Palti-Khor FRIEND | Ashish Chanchlani,45M views,6 years ago,/watch?v=yeij2JKM1mU,https://i.ytimg.com/vi/yeij2JKM1mU/hqdefault.jpg
When Rickshaw-Wala Rejects You | Ashish Chanchlani,45M views,6 years ago,/watch?v=3WXHc9HbEH8,https://i.ytimg.com/vi/3WXHc9HbEH8/hqdefault.jpg
Types Of People During Diwali | Ashish Chanchlani,63M views,6 years ago,/watch?v=myHAv5veJUw,https://i.ytimg.com/vi/myHAv5veJUw/hqdefault.jpg
Annoying Things GIRLFRIENDS Do on Call | Ashish Chanchlani,27M views,6 years ago,/watch?v=T7ikI4q8f1g,https://i.ytimg.com/vi/T7ikI4q8f1g/hqdefault.jpg
Ashish Chanchlani vines - All unposted INSTAGRAM vines compilation/collection,17M views,6 years ago,/watch?v=SlcJJ__RJ-s,https://i.ytimg.com/vi/SlcJJ__RJ-s/hqdefault.jpg
Every Friends Trip ever | Ashish Chanchlani,40M views,6 years ago,/watch?v=x4F5VRI3O84,https://i.ytimg.com/vi/x4F5VRI3O84/hqdefault.jpg
That one friend Who never gives back your photos | Ashish Chanchlani,13M views,6 years ago,/watch?v=MqHW_4J3Fj0,https://i.ytimg.com/vi/MqHW_4J3Fj0/hqdefault.jpg
When Relatives Visit you | Ashish Chanchlani,36M views,6 years ago,/watch?v=etzLHbxjBHQ,https://i.ytimg.com/vi/etzLHbxjBHQ/hqdefault.jpg
RANTING RAVI EPISODE 2 : Band karo SARAHAH ka chutiyapa | Ashish Chanchlani,5.9M views,6 years ago,/watch?v=vBxsZpSlgFw,https://i.ytimg.com/vi/vBxsZpSlgFw/hqdefault.jpg
Raksha-Bandhan Special : How Brothers Irritate Sisters | Ashish Chanchlani,58M views,6 years ago,/watch?v=CwromF-61Kk,https://i.ytimg.com/vi/CwromF-61Kk/hqdefault.jpg
That one Friend who cannot grow a Beard | Ashish Chanchlani,26M views,6 years ago,/watch?v=H1RSI2XWwJs,https://i.ytimg.com/vi/H1RSI2XWwJs/hqdefault.jpg
When girls see a cute baby | Ashish Chanchlani,20M views,6 years ago,/watch?v=_6-KvFkAvc0,https://i.ytimg.com/vi/_6-KvFkAvc0/hqdefault.jpg
Thank you for 1 MILLION SUBSCRIBERS! | Ashish Chanchlani,2.4M views,6 years ago,/watch?v=7jqJATGrcV0,https://i.ytimg.com/vi/7jqJATGrcV0/hqdefault.jpg
That one friend who sings all songs confidently with wrong lyrics PART 3 : DESPACITO,31M views,6 years ago,/watch?v=scR-7z8diUU,https://i.ytimg.com/vi/scR-7z8diUU/hqdefault.jpg
"Every indian dad on ""BIJLEE KA BILL"" | Ashish Chanchlani",38M views,6 years ago,/watch?v=WwBECCjrVmY,https://i.ytimg.com/vi/WwBECCjrVmY/hqdefault.jpg
"When she says ""I HAVE A BOYFRIEND"" | Ashish Chanchlani",26M views,6 years ago,/watch?v=pp1krixOI34,https://i.ytimg.com/vi/pp1krixOI34/hqdefault.jpg
That Friend who drives THE WORST | Ashish Chanchlani,24M views,6 years ago,/watch?v=jYWsstw8RXI,https://i.ytimg.com/vi/jYWsstw8RXI/hqdefault.jpg
Thoughts you have after watching a HORROR MOVIE,25M views,6 years ago,/watch?v=vzGLSvmxYvE,https://i.ytimg.com/vi/vzGLSvmxYvE/hqdefault.jpg
Doraemon Dub PART 2 | Ashish Chanchlani,9.4M views,6 years ago,/watch?v=nexcv6YpXXA,https://i.ytimg.com/vi/nexcv6YpXXA/hqdefault.jpg
TYPES OF STUDENTS DURING RESULTS | Ashish Chanchlani,33M views,6 years ago,/watch?v=bfmWOCgJIjA,https://i.ytimg.com/vi/bfmWOCgJIjA/hqdefault.jpg
Every NON-VEG lover ever | Ashish Chanchlani,42M views,6 years ago,/watch?v=VjgmMO5t9y0,https://i.ytimg.com/vi/VjgmMO5t9y0/hqdefault.jpg
When dad pressurises you to choose a career | Ashish Chanchlani,20M views,6 years ago,/watch?v=HIazCGJJyG4,https://i.ytimg.com/vi/HIazCGJJyG4/hqdefault.jpg
THE DORAEMON DUB,5.9M views,6 years ago,/watch?v=xsEfi3f0dYg,https://i.ytimg.com/vi/xsEfi3f0dYg/hqdefault.jpg
When mom is scolding your brother & you are enjoying it,17M views,6 years ago,/watch?v=EFg21zta1Ws,https://i.ytimg.com/vi/EFg21zta1Ws/hqdefault.jpg
When its late and you start getting calls from HOME.,20M views,6 years ago,/watch?v=GHlC73XxlBs,https://i.ytimg.com/vi/GHlC73XxlBs/hqdefault.jpg
The 2 Girls who always ROAST EACH OTHER,12M views,6 years ago,/watch?v=neZxL0jAxE4,https://i.ytimg.com/vi/neZxL0jAxE4/hqdefault.jpg
The Boring lecture Survival,42M views,6 years ago,/watch?v=1GuobdKLNg8,https://i.ytimg.com/vi/1GuobdKLNg8/hqdefault.jpg
RANTING RAVI EPISODE 1 : BAND KARO SAYAT.ME KA CHUTIYAPA,2.8M views,6 years ago,/watch?v=0nZTHOsMWOI,https://i.ytimg.com/vi/0nZTHOsMWOI/hqdefault.jpg
That friend Who always says NO to all our plans,17M views,6 years ago,/watch?v=R556sikItFU,https://i.ytimg.com/vi/R556sikItFU/hqdefault.jpg
This summer BE VERY CAREFUL,21M views,6 years ago,/watch?v=T33TJp8uUEw,https://i.ytimg.com/vi/T33TJp8uUEw/hqdefault.jpg
When your Crush touches you for the first time,17M views,6 years ago,/watch?v=pO_4Ko1-X6Q,https://i.ytimg.com/vi/pO_4Ko1-X6Q/hqdefault.jpg
How to take revenge after getting FRIENDZONED,8.8M views,6 years ago,/watch?v=twRk0olF8CY,https://i.ytimg.com/vi/twRk0olF8CY/hqdefault.jpg
The friend that always taunts us during anti-smoking ads,8M views,6 years ago,/watch?v=580HVApvodE,https://i.ytimg.com/vi/580HVApvodE/hqdefault.jpg
Whenever i try dieting,14M views,6 years ago,/watch?v=NePREIAqsyE,https://i.ytimg.com/vi/NePREIAqsyE/hqdefault.jpg
How to take revenge from WATER-BALLOON ATTACKERS THIS HOLI SEASON,12M views,6 years ago,/watch?v=kcr3KyzNwgk,https://i.ytimg.com/vi/kcr3KyzNwgk/hqdefault.jpg
Every indian student's studying pattern during exams,11M views,6 years ago,/watch?v=DmlSN7mzczI,https://i.ytimg.com/vi/DmlSN7mzczI/hqdefault.jpg
That one friend who sings all songs confidently with wrong lyrics :PART 2 ENGLISH SONGS,18M views,6 years ago,/watch?v=zFFmXPqucKo,https://i.ytimg.com/vi/zFFmXPqucKo/hqdefault.jpg
Short vine : Never plan an outing with your girlfriend,4.7M views,6 years ago,/watch?v=oA48tKlxS9c,https://i.ytimg.com/vi/oA48tKlxS9c/hqdefault.jpg
The most hardworking FRIENDS during exams!,21M views,6 years ago,/watch?v=ODWAIZ9cCqQ,https://i.ytimg.com/vi/ODWAIZ9cCqQ/hqdefault.jpg
TWILIGHT DUB PART 13,3.1M views,6 years ago,/watch?v=zWr6j9rIRDA,https://i.ytimg.com/vi/zWr6j9rIRDA/hqdefault.jpg
This valentines BE VERY CAREFUL,9.8M views,7 years ago,/watch?v=LAbN7Bjvj-U,https://i.ytimg.com/vi/LAbN7Bjvj-U/hqdefault.jpg
THE MOST HARDWORKING FRIEND DURING EXAMS,16M views,7 years ago,/watch?v=Tk_f_--1pSo,https://i.ytimg.com/vi/Tk_f_--1pSo/hqdefault.jpg
The frustrated indian driver,16M views,7 years ago,/watch?v=wzAEo2vCLQk,https://i.ytimg.com/vi/wzAEo2vCLQk/hqdefault.jpg
VALENTINES DAY CHUTIYAPA : Girls v Boys,8.8M views,7 years ago,/watch?v=tzVpn1W-6Gg,https://i.ytimg.com/vi/tzVpn1W-6Gg/hqdefault.jpg
Eating habits in classroom,37M views,7 years ago,/watch?v=-9tEqVg1PYQ,https://i.ytimg.com/vi/-9tEqVg1PYQ/hqdefault.jpg
That one friend who sings all songs confidently with wrong lyrics,18M views,7 years ago,/watch?v=JSBL2aXlJO8,https://i.ytimg.com/vi/JSBL2aXlJO8/hqdefault.jpg
Relationships of this generation have crossed new limits of chutiyapa,7.1M views,7 years ago,/watch?v=vTSlTM1QUuk,https://i.ytimg.com/vi/vTSlTM1QUuk/hqdefault.jpg
KOI MIL GAYA DUB PART 2,3.1M views,7 years ago,/watch?v=0Zqp5ILsg4s,https://i.ytimg.com/vi/0Zqp5ILsg4s/hqdefault.jpg
"vlog in australia : The story behind ""RANDOMZZZ"" caption of girls on facebook",2.2M views,7 years ago,/watch?v=IYtDCIXmzPE,https://i.ytimg.com/vi/IYtDCIXmzPE/hqdefault.jpg
"That one ""PHEKU"" and his ""CHAMCHA"" we all know",17M views,7 years ago,/watch?v=eFHC7JpDO3A,https://i.ytimg.com/vi/eFHC7JpDO3A/hqdefault.jpg
What girls pack while travelling VS What boys pack while travelling,13M views,7 years ago,/watch?v=LGP4-nJM3S4,https://i.ytimg.com/vi/LGP4-nJM3S4/hqdefault.jpg
The reality of every NEW YEAR PLAN,7.5M views,7 years ago,/watch?v=3ePeozKtTKU,https://i.ytimg.com/vi/3ePeozKtTKU/hqdefault.jpg
That one girl who boasts a lot about her family,13M views,7 years ago,/watch?v=PMwffNVhF9Q,https://i.ytimg.com/vi/PMwffNVhF9Q/hqdefault.jpg
WHEN SANTA CLAUS VISITED INDIA,19M views,7 years ago,/watch?v=1Fk03e7zVvw,https://i.ytimg.com/vi/1Fk03e7zVvw/hqdefault.jpg
ASHISH CHANCHLANI VINES : THE DEVDAS DUB,4.1M views,7 years ago,/watch?v=776PsBzudaM,https://i.ytimg.com/vi/776PsBzudaM/hqdefault.jpg
That one friend who plays THE WORST SONGS EVER!,11M views,7 years ago,/watch?v=-1dBi0oPXUs,https://i.ytimg.com/vi/-1dBi0oPXUs/hqdefault.jpg
TALKING TO YOUR CRUSH FOR THE FIRST TIME : EXPECTATIONS VS REALITY,11M views,7 years ago,/watch?v=vbKch_J5FMA,https://i.ytimg.com/vi/vbKch_J5FMA/hqdefault.jpg
How indian girls bargain vs how indian boys bargain,18M views,7 years ago,/watch?v=3jPao7fcP8s,https://i.ytimg.com/vi/3jPao7fcP8s/hqdefault.jpg
Ashish Chanchlani Vines - 3 IDIOTS DUB,14M views,7 years ago,/watch?v=aBRLXvT6urs,https://i.ytimg.com/vi/aBRLXvT6urs/hqdefault.jpg
When you ask your girlfriend for lunch,5.8M views,7 years ago,/watch?v=_CfiavqKlBM,https://i.ytimg.com/vi/_CfiavqKlBM/hqdefault.jpg
ASHISH CHANCHLANI VINES KUNG FU HUSTLE DUB,10M views,7 years ago,/watch?v=nAG_myn8JtQ,https://i.ytimg.com/vi/nAG_myn8JtQ/hqdefault.jpg
ASHISH CHANCHLANI VINES CIVIL WAR & AVENGERS DUB,16M views,7 years ago,/watch?v=rEwKqsKj3yc,https://i.ytimg.com/vi/rEwKqsKj3yc/hqdefault.jpg
Indian reality shows be like,11M views,7 years ago,/watch?v=7NZeZYxEpP4,https://i.ytimg.com/vi/7NZeZYxEpP4/hqdefault.jpg
That one PANAUTI FRIEND in every group,22M views,7 years ago,/watch?v=GE7SZB0ME1c,https://i.ytimg.com/vi/GE7SZB0ME1c/hqdefault.jpg
make up tutorial PART 4,8.1M views,7 years ago,/watch?v=l1lUOvUkRwM,https://i.ytimg.com/vi/l1lUOvUkRwM/hqdefault.jpg
make up tutorial series part 1 2 3,12M views,7 years ago,/watch?v=rYiKw54mjF0,https://i.ytimg.com/vi/rYiKw54mjF0/hqdefault.jpg
koi mil gaya dubbing,2.7M views,7 years ago,/watch?v=MwsTo_C65f0,https://i.ytimg.com/vi/MwsTo_C65f0/hqdefault.jpg
TYPES  OF EXAM SITUATIONS,22M views,7 years ago,/watch?v=UoV5m_KV3FE,https://i.ytimg.com/vi/UoV5m_KV3FE/hqdefault.jpg
THINGS INDIAN DADS SAY,9.6M views,7 years ago,/watch?v=ioqVy_EPM54,https://i.ytimg.com/vi/ioqVy_EPM54/hqdefault.jpg
HOW TO BUY THE NEW IPHONE 7 EASILY,11M views,7 years ago,/watch?v=NHjIXa-YW0c,https://i.ytimg.com/vi/NHjIXa-YW0c/hqdefault.jpg
BIDDING FAREWELL : Normal Friend vs Best Friend,7.9M views,7 years ago,/watch?v=NCTjLaP53rw,https://i.ytimg.com/vi/NCTjLaP53rw/hqdefault.jpg
Ashish Chanchlani Vines  ALL TWILIGHT DUBS COMPILATION part 1-11,10M views,7 years ago,/watch?v=IPRSi7fe84Y,https://i.ytimg.com/vi/IPRSi7fe84Y/hqdefault.jpg
THE UNO GAME,8.6M views,7 years ago,/watch?v=Znn5UcL9v3U,https://i.ytimg.com/vi/Znn5UcL9v3U/hqdefault.jpg
AVENGERS DUBBING BY ASHISH CHANCHLANI VINES,8.9M views,7 years ago,/watch?v=2xAde8inAnM,https://i.ytimg.com/vi/2xAde8inAnM/hqdefault.jpg
THE DOUBLE CHEESE PAN PIZZA CURSE,11M views,8 years ago,/watch?v=Nx3QpUQy_RU,https://i.ytimg.com/vi/Nx3QpUQy_RU/hqdefault.jpg
ALL THINGS YOU SHOULD NOT SAY/DO TO YOUR GIRLFRIEND,10M views,8 years ago,/watch?v=Dfj55UV_bBg,https://i.ytimg.com/vi/Dfj55UV_bBg/hqdefault.jpg
THE 4G HAUNTING,8.1M views,8 years ago,/watch?v=aql4ZFDN7ig,https://i.ytimg.com/vi/aql4ZFDN7ig/hqdefault.jpg
how best friends motivate us,4.2M views,8 years ago,/watch?v=pDHhJlIpzNg,https://i.ytimg.com/vi/pDHhJlIpzNg/hqdefault.jpg
how people show off that they are visiting a concert,3.9M views,8 years ago,/watch?v=0r0D1b5vsFg,https://i.ytimg.com/vi/0r0D1b5vsFg/hqdefault.jpg
NUTELLA AND ME CANNOT BE SEPERATED,3M views,8 years ago,/watch?v=xv4odoK1OUk,https://i.ytimg.com/vi/xv4odoK1OUk/hqdefault.jpg
COMEDY HUNT- CLASSROOM GENDER DISCRIMINATION,4.6M views,8 years ago,/watch?v=isvw83yLD4E,https://i.ytimg.com/vi/isvw83yLD4E/hqdefault.jpg
COMEDY HUNT-ashish chanchlani top vines compilation,4.6M views,8 years ago,/watch?v=2PG6bpkWhmY,https://i.ytimg.com/vi/2PG6bpkWhmY/hqdefault.jpg
ashish chanchlani vines mini compilation part 2,2.9M views,8 years ago,/watch?v=htCT1vwjIqY,https://i.ytimg.com/vi/htCT1vwjIqY/hqdefault.jpg
when your younger brother irritates you,4.6M views,8 years ago,/watch?v=7TjGxzIQ_eo,https://i.ytimg.com/vi/7TjGxzIQ_eo/hqdefault.jpg
That moment when teacher shifts you from the last bench to the first bench,2.2M views,8 years ago,/watch?v=oLTQyAxR7CM,https://i.ytimg.com/vi/oLTQyAxR7CM/hqdefault.jpg
how girls dress up in india when they are about to drive on a 2-wheeler,3.4M views,8 years ago,/watch?v=keWjofrhYkY,https://i.ytimg.com/vi/keWjofrhYkY/hqdefault.jpg
YOUR REACTION WHEN YOUR BROTHER FORGETS TO FLUSH,5.6M views,8 years ago,/watch?v=FPJtsz8m7go,https://i.ytimg.com/vi/FPJtsz8m7go/hqdefault.jpg
when girls get moody,4.6M views,8 years ago,/watch?v=DN8JfMghO3Y,https://i.ytimg.com/vi/DN8JfMghO3Y/hqdefault.jpg
ROY MOVIE REVIEW: THE MOST IRRITATING MOVIE EVER MADE,4M views,9 years ago,/watch?v=f79m9jiRppk,https://i.ytimg.com/vi/f79m9jiRppk/hqdefault.jpg
"when honey singh acts smart and messes with the wrong ""gavtee"" girl",2.4M views,9 years ago,/watch?v=dBLsbZi79m0,https://i.ytimg.com/vi/dBLsbZi79m0/hqdefault.jpg
Driving in a foreign country vs Driving in india,10M views,9 years ago,/watch?v=oo6mOx7W48A,https://i.ytimg.com/vi/oo6mOx7W48A/hqdefault.jpg
THE CYCLE OF ENGINEERING EXAMS,24M views,9 years ago,/watch?v=1KES3yOl9CA,https://i.ytimg.com/vi/1KES3yOl9CA/hqdefault.jpg
your hunger depends on what food mom makes,8.6M views,9 years ago,/watch?v=7YbvfI4tijM,https://i.ytimg.com/vi/7YbvfI4tijM/hqdefault.jpg
"how to annoy people who say ""tu mere baap ko jaanta hai?""",13M views,9 years ago,/watch?v=NqLqv6lRR9Q,https://i.ytimg.com/vi/NqLqv6lRR9Q/hqdefault.jpg
